[
  {
    "id": "bad4b9d4-ff9f-473c-8a86-a25179123018",
    "order": 8,
    "shared": true
  },
  {
    "id": "339688ba-7cdd-42c8-9fbe-a2aa7af534d1",
    "order": 3,
    "shared": true
  },
  {
    "id": "6918b829-02fb-4717-9cde-4a200d7f30c1",
    "order": 2,
    "shared": true
  },
  {
    "id": "633f5698-45cb-44eb-ba9e-aed97413e61c",
    "order": 6,
    "shared": true
  },
  {
    "id": "485f242f-1d62-4a15-8139-8481aa1d240a",
    "order": 5,
    "shared": true
  },
  {
    "id": "96a7f7e1-3eac-4bd6-bb34-93b35a430b75",
    "order": 9,
    "shared": true
  },
  {
    "id": "75aba033-701b-46f3-89b0-03279ac81f91",
    "order": 4,
    "shared": true
  },
  {
    "id": "2c6933b6-dd04-4975-af90-8eba87c66ebb",
    "order": 7,
    "shared": true
  },
  {
    "id": "0c164482-77c7-4367-8131-09692db89d17",
    "order": 1,
    "shared": true
  }
]